MNXM1000018	1-(14Z,17Z,20Z,23Z,26Z-dotriacontapentaenoyl)-2-octadecanoyl-sn-glycero-3-phospho-N-decanoyl-ethanolamine	slm:000692406	C65H117NO9P	-1	1087.599581	InChI=1S/C65H118NO9P/c1-4-7-10-13-16-18-20-22-24-25-26-27-28-29-30-31-32-33-34-35-36-37-39-40-42-44-47-50-53-56-64(68)72-60-62(61-74-76(70,71)73-59-58-66-63(67)55-52-49-46-15-12-9-6-3)75-65(69)57-54-51-48-45-43-41-38-23-21-19-17-14-11-8-5-2/h16,18,22,24,26-27,29-30,32-33,62H,4-15,17,19-21,23,25,28,31,34-61H2,1-3H3,(H,66,67)(H,70,71)/p-1/b18-16-,24-22-,27-26-,30-29-,33-32-/t62-/m1/s1	InChIKey=UKLWXHOIJBMGBX-UUMIDUKVSA-M	CCCCCCCCCCCCCCCCCC(=O)O[C@H](COC(=O)CCCCCCCCCCCC\C=C/C\C=C/C\C=C/C\C=C/C\C=C/CCCCC)COP([O-])(=O)OCCNC(=O)CCCCCCCCC
MNXM1008980	1-O-(1Z-hexadecenyl)-2-(9Z-hexadecenoyl)-sn-glycero-3-phospho-N-tetradecanoyl-ethanolamine	slm:000701368	C51H97NO8P	-1	883.291581	InChI=1S/C51H98NO8P/c1-4-7-10-13-16-19-22-24-26-29-32-35-38-41-45-57-47-49(60-51(54)43-40-37-34-31-28-25-23-20-17-14-11-8-5-2)48-59-61(55,56)58-46-44-52-50(53)42-39-36-33-30-27-21-18-15-12-9-6-3/h20,23,41,45,49H,4-19,21-22,24-40,42-44,46-48H2,1-3H3,(H,52,53)(H,55,56)/p-1/b23-20-,45-41-/t49-/m1/s1	InChIKey=MQSSJOSMZIQVIX-FZRXXSLGSA-M	CCCCCCCCCCCCCC\C=C/OC[C@H](COP([O-])(=O)OCCNC(=O)CCCCCCCCCCCCC)OC(=O)CCCCCCC\C=C/CCCCCC
MNXM1012920	1-O-(1Z-docosenyl)-2-dodecanoyl-sn-glycero-3-phospho-N-(5Z,8Z,11Z,14Z-eicosatetraenoyl)-ethanolamine	slm:000705309	C59H107NO8P	-1	989.456581	InChI=1S/C59H108NO8P/c1-4-7-10-13-16-19-21-23-25-27-28-29-31-33-35-37-40-43-46-49-53-65-55-57(68-59(62)51-48-45-42-38-18-15-12-9-6-3)56-67-69(63,64)66-54-52-60-58(61)50-47-44-41-39-36-34-32-30-26-24-22-20-17-14-11-8-5-2/h17,20,24,26,32,34,39,41,49,53,57H,4-16,18-19,21-23,25,27-31,33,35-38,40,42-48,50-52,54-56H2,1-3H3,(H,60,61)(H,63,64)/p-1/b20-17-,26-24-,34-32-,41-39-,53-49-/t57-/m1/s1	InChIKey=PVCHUIFKLSGKHZ-LISDKNEGSA-M	CCCCCCCCCCCCCCCCCCCC\C=C/OC[C@H](COP([O-])(=O)OCCNC(=O)CCC\C=C/C\C=C/C\C=C/C\C=C/CCCCC)OC(=O)CCCCCCCCCCC
MNXM1020858	1-O-(1Z,9Z-octadecadienyl)-2-(6Z-hexadecenoyl)-sn-glycero-3-phospho-N-(5Z,8Z,11Z,14Z-eicosatetraenoyl)-ethanolamine	slm:000713247	C59H103NO8P	-1	985.424821	InChI=1S/C59H104NO8P/c1-4-7-10-13-16-19-22-25-27-29-30-33-35-38-41-44-47-50-58(61)60-52-54-66-69(63,64)67-56-57(68-59(62)51-48-45-42-39-36-32-24-21-18-15-12-9-6-3)55-65-53-49-46-43-40-37-34-31-28-26-23-20-17-14-11-8-5-2/h16,19,25-28,30,33,36,38-39,41,49,53,57H,4-15,17-18,20-24,29,31-32,34-35,37,40,42-48,50-52,54-56H2,1-3H3,(H,60,61)(H,63,64)/p-1/b19-16-,27-25-,28-26-,33-30-,39-36-,41-38-,53-49-/t57-/m1/s1	InChIKey=MWXMVXYECFZZDK-WLKACOCWSA-M	CCCCCCCCC\C=C/CCCCC(=O)O[C@H](CO\C=C/CCCCCC\C=C/CCCCCCCC)COP([O-])(=O)OCCNC(=O)CCC\C=C/C\C=C/C\C=C/C\C=C/CCCCC
MNXM102384	ticarcillin disodium	chebi:35017	C15H14N2Na2O6S2	0	428.39308	InChI=1S/C15H16N2O6S2.2Na/c1-15(2)9(14(22)23)17-11(19)8(12(17)25-15)16-10(18)7(13(20)21)6-3-4-24-5-6;;/h3-5,7-9,12H,1-2H3,(H,16,18)(H,20,21)(H,22,23);;/q;2*+1/p-2/t7-,8-,9+,12-;;/m1../s1	InChIKey=ZBBCUBMBMZNEME-QBGWIPKPSA-L	[Na+].[Na+].CC1(C)S[C@@H]2[C@H](NC(=O)[C@H](C([O-])=O)c3ccsc3)C(=O)N2[C@H]1C([O-])=O
MNXM1041562	1-O-(9Z-octadecenyl)-2-(16Z,19Z,22Z,25Z,28Z,31Z-tetratriacontahexaenoyl)-sn-glycero-3-phospho-N-(9Z,12Z-octadecadienoyl)-ethanolamine	slm:000733951	C75H131NO8P	-1	1205.818341	InChI=1S/C75H132NO8P/c1-4-7-10-13-16-19-22-25-28-30-31-32-33-34-35-36-37-38-39-40-41-42-43-44-46-49-52-55-58-61-64-67-75(78)84-73(71-81-69-65-62-59-56-53-50-47-29-26-23-20-17-14-11-8-5-2)72-83-85(79,80)82-70-68-76-74(77)66-63-60-57-54-51-48-45-27-24-21-18-15-12-9-6-3/h7,10,16,18-19,21,25-29,31-32,34-35,37-38,45,73H,4-6,8-9,11-15,17,20,22-24,30,33,36,39-44,46-72H2,1-3H3,(H,76,77)(H,79,80)/p-1/b10-7-,19-16-,21-18-,28-25-,29-26-,32-31-,35-34-,38-37-,45-27-/t73-/m1/s1	InChIKey=BDBNQCOFUTWQMX-HLGUIHNDSA-M	CCCCCCCC\C=C/CCCCCCCCOC[C@H](COP([O-])(=O)OCCNC(=O)CCCCCCC\C=C/C\C=C/CCCCC)OC(=O)CCCCCCCCCCCCCC\C=C/C\C=C/C\C=C/C\C=C/C\C=C/C\C=C/CC
MNXM1052700	CDP-1-(11Z,14Z,17Z,20Z,23Z-hexacosapentaenoyl)-2-decanoyl-sn-glycerol	slm:000745100	C48H77N3O15P2	-2	998.083722	InChI=1S/C48H79N3O15P2/c1-3-5-7-9-11-12-13-14-15-16-17-18-19-20-21-22-23-24-25-26-28-29-31-33-43(52)61-37-40(64-44(53)34-32-30-27-10-8-6-4-2)38-62-67(57,58)66-68(59,60)63-39-41-45(54)46(55)47(65-41)51-36-35-42(49)50-48(51)56/h5,7,11-12,14-15,17-18,20-21,35-36,40-41,45-47,54-55H,3-4,6,8-10,13,16,19,22-34,37-39H2,1-2H3,(H,57,58)(H,59,60)(H2,49,50,56)/p-2/b7-5-,12-11-,15-14-,18-17-,21-20-/t40-,41-,45-,46-,47-/m1/s1	InChIKey=JFSLHLHDEMJOIT-PULFKTLMSA-L	CCCCCCCCCC(=O)O[C@H](COC(=O)CCCCCCCCC\C=C/C\C=C/C\C=C/C\C=C/C\C=C/CC)COP([O-])(=O)OP([O-])(=O)OC[C@H]1O[C@H]([C@H](O)[C@@H]1O)n1ccc(N)nc1=O
MNXM1087587	Ganglioside GT1c (d20:1(4E)/18:1(6Z))	slm:000780883	C97H164N5O47	-3	2152.34556	InChI=1S/C97H167N5O47/c1-7-9-11-13-15-17-19-21-23-25-27-29-31-33-35-37-55(114)54(102-66(119)38-36-34-32-30-28-26-24-22-20-18-16-14-12-10-8-2)49-136-89-79(128)77(126)81(64(47-108)139-89)141-91-80(129)87(82(65(48-109)140-91)142-88-70(101-53(6)113)83(73(122)61(44-105)137-88)143-90-78(127)76(125)72(121)60(43-104)138-90)149-97(94(134)135)41-58(117)69(100-52(5)112)86(148-97)75(124)63(46-107)145-96(93(132)133)40-57(116)68(99-51(4)111)85(147-96)74(123)62(45-106)144-95(92(130)131)39-56(115)67(98-50(3)110)84(146-95)71(120)59(118)42-103/h28,30,35,37,54-65,67-91,103-109,114-118,120-129H,7-27,29,31-34,36,38-49H2,1-6H3,(H,98,110)(H,99,111)(H,100,112)(H,101,113)(H,102,119)(H,130,131)(H,132,133)(H,134,135)/p-3/b30-28-,37-35+/t54-,55+,56-,57-,58-,59+,60+,61+,62+,63+,64+,65+,67+,68+,69+,70+,71+,72-,73-,74+,75+,76-,77+,78+,79+,80+,81+,82-,83+,84+,85+,86+,87+,88-,89+,90-,91-,95+,96+,97-/m0/s1	InChIKey=XZHIOIPBDOSGEK-OQAMVLSWSA-K	CCCCCCCCCCCCCCC\C=C\[C@@H](O)[C@H](CO[C@@H]1O[C@H](CO)[C@@H](O[C@@H]2O[C@H](CO)[C@H](O[C@@H]3O[C@H](CO)[C@H](O)[C@H](O[C@@H]4O[C@H](CO)[C@H](O)[C@H](O)[C@H]4O)[C@H]3NC(C)=O)[C@H](O[C@@]3(C[C@H](O)[C@@H](NC(C)=O)[C@@H](O3)[C@H](O)[C@@H](CO)O[C@@]3(C[C@H](O)[C@@H](NC(C)=O)[C@@H](O3)[C@H](O)[C@@H](CO)O[C@@]3(C[C@H](O)[C@@H](NC(C)=O)[C@@H](O3)[C@H](O)[C@H](O)CO)C([O-])=O)C([O-])=O)C([O-])=O)[C@H]2O)[C@H](O)[C@H]1O)NC(=O)CCCC\C=C/CCCCCCCCCCC
MNXM11096	O-[S-(7Z-hexacosenoylpantetheine)-4'-phosphoryl]-L-serine residue	chebi:87860	C40H73N3O9PS*	-1	803.062201			CCCCCCCCCCCCCCCCCC\C=C/CCCCCC(=O)SCCNC(=O)CCNC(=O)[C@H](O)C(C)(C)COP([O-])(=O)OC[C@H](N[*])C([*])=O
MNXM138698	1-(5Z,8Z,11Z,14Z-eicosatetraenoyl)-2-docosanoyl-3-eicosanoyl-sn-glycerol	slm:000254050	C65H118O6	0	995.62882	InChI=1S/C65H118O6/c1-4-7-10-13-16-19-22-25-28-31-32-35-38-41-44-47-50-53-56-59-65(68)71-62(60-69-63(66)57-54-51-48-45-42-39-36-33-29-26-23-20-17-14-11-8-5-2)61-70-64(67)58-55-52-49-46-43-40-37-34-30-27-24-21-18-15-12-9-6-3/h17,20,26,29,36,39,45,48,62H,4-16,18-19,21-25,27-28,30-35,37-38,40-44,46-47,49-61H2,1-3H3/b20-17-,29-26-,39-36-,48-45-/t62-/m1/s1	InChIKey=IXUHWDBLCYYEQY-VSAFQTNJSA-N	CCCCCCCCCCCCCCCCCCCCCC(=O)O[C@@H](COC(=O)CCCCCCCCCCCCCCCCCCC)COC(=O)CCC\C=C/C\C=C/C\C=C/C\C=C/CCCCC
MNXM136197	1-(8Z,11Z,14Z-eicosatrienoyl)-2-docosanoyl-3-(11Z-octadecenoyl)-sn-glycerol	slm:000235057	C63H114O6	0	967.57566	InChI=1S/C63H114O6/c1-4-7-10-13-16-19-22-25-28-30-31-33-36-39-42-45-48-51-54-57-63(66)69-60(58-67-61(64)55-52-49-46-43-40-37-34-27-24-21-18-15-12-9-6-3)59-68-62(65)56-53-50-47-44-41-38-35-32-29-26-23-20-17-14-11-8-5-2/h17,20-21,24,26,29,35,38,60H,4-16,18-19,22-23,25,27-28,30-34,36-37,39-59H2,1-3H3/b20-17-,24-21-,29-26-,38-35-/t60-/m0/s1	InChIKey=KBTUAEPMBMZEAT-GJPADJMISA-N	CCCCCCCCCCCCCCCCCCCCCC(=O)O[C@@H](COC(=O)CCCCCCCCC\C=C/CCCCCC)COC(=O)CCCCCC\C=C/C\C=C/C\C=C/CCCCC
MNXM214852	1-(13-methyltetradecanoyl)-2-eicosanoyl-3-(8Z,11Z,14Z-eicosatrienoyl)-sn-glycerol	slm:000183787	C58H106O6	0	899.45864	InChI=1S/C58H106O6/c1-5-7-9-11-13-15-17-19-21-23-25-27-29-33-37-41-45-49-56(59)62-52-55(53-63-57(60)50-46-42-38-35-31-32-36-40-44-48-54(3)4)64-58(61)51-47-43-39-34-30-28-26-24-22-20-18-16-14-12-10-8-6-2/h13,15,19,21,25,27,54-55H,5-12,14,16-18,20,22-24,26,28-53H2,1-4H3/b15-13-,21-19-,27-25-/t55-/m0/s1	InChIKey=GJRSYAFIOIRLRD-FXKJESJOSA-N	CCCCCCCCCCCCCCCCCCCC(=O)O[C@H](COC(=O)CCCCCCCCCCCC(C)C)COC(=O)CCCCCC\C=C/C\C=C/C\C=C/CCCCC
MNXM1050787	CDP-1-(11Z,14Z-eicosadienoyl)-2-(11Z,14Z,17Z-eicoastrienoyl)-sn-glycerol	slm:000743187	C52H85N3O15P2	-2	1054.190042	InChI=1S/C52H87N3O15P2/c1-3-5-7-9-11-13-15-17-19-21-23-25-27-29-31-33-35-37-47(56)65-41-44(68-48(57)38-36-34-32-30-28-26-24-22-20-18-16-14-12-10-8-6-4-2)42-66-71(61,62)70-72(63,64)67-43-45-49(58)50(59)51(69-45)55-40-39-46(53)54-52(55)60/h6,8,11-14,17-20,39-40,44-45,49-51,58-59H,3-5,7,9-10,15-16,21-38,41-43H2,1-2H3,(H,61,62)(H,63,64)(H2,53,54,60)/p-2/b8-6-,13-11-,14-12-,19-17-,20-18-/t44-,45-,49-,50-,51-/m1/s1	InChIKey=IRGNNGMEXQCKNB-OKINHHSSSA-L	CCCCC\C=C/C\C=C/CCCCCCCCCC(=O)OC[C@H](COP([O-])(=O)OP([O-])(=O)OC[C@
MNXM105321	garciniaxanthone F	chebi:65947	C24H24O6	0	408.44376	InChI=1S/C24H24O6/c1-7-23(2,3)14-11-15(25)22-17(19(14)27)18(26)13-9-8-12-10-16(24(4,5)28-6)29-20(12)21(13)30-22/h7-11,25,27H,1H2,2-6H3	InChIKey=OZJCGTVVJDALBR-UHFFFAOYSA-N	COC(C)(C)c1cc2ccc3c(oc4c(O)cc(c(O)c4c3=O)C(C)(C)C=C)c2o1
MNXM1021502	1-O-(1Z,11Z-eicosadienyl)-2-(6Z,9Z,12Z,15Z,18Z,21Z-tetracosahexaenoyl)-sn-glycero-3-phospho-N-(5Z,8Z,11Z,14Z-eicosatetraenoyl)-ethanolamine	slm:000713891	C69H113NO8P	-1	1115.611221	InChI=1S/C69H114NO8P/c1-4-7-10-13-16-19-22-25-28-31-33-34-35-37-40-43-46-49-52-55-58-61-69(72)78-67(65-75-63-59-56-53-50-47-44-41-38-32-29-26-23-20-17-14-11-8-5-2)66-77-79(73,74)76-64-62-70-68(71)60-57-54-51-48-45-42-39-36-30-27-24-21-18-15-12-9-6-3/h7,10,16,18-19,21,25-30,33-34,37,39-40,42,46,48-49,51,59,63,67H,4-6,8-9,11-15,17,20,22-24,31-32,35-36,38,41,43-45,47,50,52-58,60-62,64-66H2,1-3H3,(H,70,71)(H,73,74)/p-1/b10-7-,19-16-,21-18-,28-25-,29-26-,30-27-,34-33-,40-37-,42-39-,49-46-,51-48-,63-59-/t67-/m1/s1	InChIKey=XWOHAWRDZBJYSZ-SCKWRVPGSA-M	CCCCCCCC\C=C/CCCCCCCC\C=C/OC[C@H](COP([O-])(=O)OCCNC(=O)CCC\C=C/C\C=C/C\C=C/C\C=C/CCCCC)OC(=O)CCCC\C=C/C\C=C/C\C=C/C\C=C/C\C=C/C\C=C/CC
MNXM1021504	1-O-(1Z,11Z-eicosadienyl)-2-(6Z,9Z,12Z,15Z,18Z,21Z-tetracosahexaenoyl)-sn-glycero-3-phospho-N-(9Z-octadecenoyl)-ethanolamine	slm:000713893	C67H115NO8P	-1	1093.605701	InChI=1S/C67H116NO8P/c1-4-7-10-13-16-19-22-25-28-30-32-33-34-35-38-41-44-47-50-53-56-59-67(70)76-65(63-73-61-57-54-51-48-45-42-39-36-31-29-26-23-20-17-14-11-8-5-2)64-75-77(71,72)74-62-60-68-66(69)58-55-52-49-46-43-40-37-27-24-21-18-15-12-9-6-3/h7,10,16,19,25-29,32-33,35,37-38,44,47,57,61,65H,4-6,8-9,11-15,17-18,20-24,30-31,34,36,39-43,45-46,48-56,58-60,62-64H2,1-3H3,(H,68,69)(H,71,72)/p-1/b10-7-,19-16-,28-25-,29-26-,33-32-,37-27-,38-35-,47-44-,61-57-/t65-/m1/s1	InChIKey=WTHZMBYNEVRMFM-WJLCELNJSA-M	CCCCCCCC\C=C/CCCCCCCC\C=C/OC[C@H](COP([O-])(=O)OCCNC(=O)CCCCCCC\C=C/CCCCCCCC)OC(=O)CCCC\C=C/C\C=C/C\C=C/C\C=C/C\C=C/C\C=C/CC
MNXM1016008	1-O-(1Z-hexacosenyl)-2-(12Z,15Z,18Z,21Z,24Z-triacontapentaenoyl)-sn-glycero-3-phospho-N-hexadecanoyl-ethanolamine	slm:000708397	C77H141NO8P	-1	1239.919141	InChI=1S/C77H142NO8P/c1-4-7-10-13-16-19-22-25-27-29-31-33-35-37-38-39-40-42-44-46-48-51-54-57-60-63-66-69-77(80)86-75(74-85-87(81,82)84-72-70-78-76(79)68-65-62-59-56-53-50-24-21-18-15-12-9-6-3)73-83-71-67-64-61-58-55-52-49-47-45-43-41-36-34-32-30-28-26-23-20-17-14-11-8-5-2/h16,19,25,27,31,33,37-38,40,42,67,71,75H,4-15,17-18,20-24,26,28-30,32,34-36,39,41,43-66,68-70,72-74H2,1-3H3,(H,78,79)(H,81,82)/p-1/b19-16-,27-25-,33-31-,38-37-,42-40-,71-67-/t75-/m1/s1	InChIKey=CWJIOPDLNRLGPC-CNRPOKIKSA-M	CCCCCCCCCCCCCCCCCCCCCCCC\C=C/OC[C@H](COP([O-])(=O)OCCNC(=O)CCCCCCCCCCCCCCC)OC(=O)CCCCCCCCCC\C=C/C\C=C/C\C=C/C\C=C/C\C=C/CCCCC
MNXM1021506	1-O-(1Z,11Z-eicosadienyl)-2-(8Z,11Z,14Z,17Z,20Z,23Z-hexacosahexaenoyl)-sn-glycero-3-phospho-N-octanoyl-ethanolamine	slm:000713895	C59H101NO8P	-1	983.408941	InChI=1S/C59H102NO8P/c1-4-7-10-13-15-17-19-21-23-25-27-28-29-30-31-32-34-36-38-40-42-45-48-51-59(62)68-57(56-67-69(63,64)66-54-52-60-58(61)50-47-44-12-9-6-3)55-65-53-49-46-43-41-39-37-35-33-26-24-22-20-18-16-14-11-8-5-2/h7,10,15,17,21-24,27-28,30-31,34,36,49,53,57H,4-6,8-9,11-14,16,18-20,25-26,29,32-33,35,37-48,50-52,54-56H2,1-3H3,(H,60,61)(H,63,64)/p-1/b10-7-,17-15-,23-21-,24-22-,28-27-,31-30-,36-34-,53-49-/t57-/m1/s1	InChIKey=MFGGJNZKZRUICG-UOYFDZIMSA-M	CCCCCCCC\C=C/CCCCCCCC\C=C/OC[C@H](COP([O-])(=O)OCCNC(=O)CCCCCCC)OC(=O)CCCCCC\C=C/C\C=C/C\C=C/C\C=C/C\C=C/C\C=C/CC
MNXM23361	NeuAcalpha2-3Galbeta1-3(NeuAcalpha2-6)GlcNAcbeta1-3Galbeta1-4Glcbeta-Cer(d18:1/24:1(15Z))	lipidmaps:LMSP0601DU07	C90H158N4O39	0	1920.22108	InChI=1S/C90H158N4O39/c1-6-8-10-12-14-16-18-20-21-22-23-24-25-26-27-29-31-33-35-37-39-41-64(108)94-54(55(103)40-38-36-34-32-30-28-19-17-15-13-11-9-7-2)49-122-84-74(115)73(114)77(62(48-99)126-84)128-85-75(116)81(70(111)60(46-97)124-85)130-83-67(93-53(5)102)78(72(113)63(127-83)50-123-89(87(118)119)42-56(104)65(91-51(3)100)79(131-89)68(109)58(106)44-95)129-86-76(117)82(71(112)61(47-98)125-86)133-90(88(120)121)43-57(105)66(92-52(4)101)80(132-90)69(110)59(107)45-96/h20-21,38,40,54-63,65-86,95-99,103-107,109-117H,6-19,22-37,39,41-50H2,1-5H3,(H,91,100)(H,92,101)(H,93,102)(H,94,108)(H,118,119)(H,120,121)/b21-20-,40-38+/t54-,55+,56?,57?,58+,59+,60?,61?,62?,63?,65+,66+,67?,68+,69+,70-,71-,72+,73+,74?,75?,76?,77+,78+,79?,80?,81-,82-,83-,84+,85-,86-,89+,90-/m0/s1	InChIKey=LLWWNVLHPHMMRR-UOPZJTDASA-N	CCCCCCCCCCCCC\C=C\[C@@H](O)[C@H](CO[C@@H]1OC(CO)[C@@H](O[C@@H]2OC(CO)[C@H](O)[C@H](O[C@@H]3OC(CO[C@@]4(CC(O)[C@@H](NC(C)=O)C(O4)[C@H](O)[C@H](O)CO)C(O)=O)[C@@H](O)[C@H](O[C@@H]4OC(CO)[C@H](O)[C@H](O[C@@]5(CC(O)[C@@H](NC(C)=O)C(O5)[C@H](O)[C@H](O)CO)C(O)=O)C4O)C3NC(C)=O)C2O)[C@H](O)C1O)NC(=O)CCCCCCCCCCCCC\C=C/CCCCCCCC
MNXM189628	1-(11E-octadecenoyl)-2-(11Z,14Z,17Z,20Z-hexacosatetraenoyl)-sn-glycero-3-phospho-1D-myo-inositol-3,4-bisphosphate	slm:000426342	C53H90O19P3	-5	1124.191583	InChI=1S/C53H95O19P3/c1-3-5-7-9-11-13-15-17-19-20-21-22-23-24-25-26-28-30-32-34-36-38-40-42-47(55)69-45(43-67-46(54)41-39-37-35-33-31-29-27-18-16-14-12-10-8-6-4-2)44-68-75(65,66)72-51-48(56)49(57)52(70-73(59,60)61)53(50(51)58)71-74(62,63)64/h11,13-14,16-17,19,21-22,24-25,45,48-53,56-58H,3-10,12,15,18,20,23,26-44H2,1-2H3,(H,65,66)(H2,59,60,61)(H2,62,63,64)/p-5/b13-11-,16-14+,19-17-,22-21-,25-24-/t45-,48-,49-,50+,51+,52+,53+/m1/s1	InChIKey=UXAZLCYSTZMZJT-LBZQOFTPSA-I	CCCCCC\C=C\CCCCCCCCCC(=O)OC[C@H](COP([O-])(=O)O[C@H]1[C@H](O)[C@@H](O)[C@H](OP([O-])([O-])=O)[C@@H](OP([O-])([O-])=O)[C@H]1O)OC(=O)CCCCCCCCC\C=C/C\C=C/C\C=C/C\C=C/CCCCC
MNXM227147	1-(14Z,17Z,20Z,23Z,26Z-dotriacontapentaenoyl)-2-hexacosanoyl-sn-glycero-3-phospho-1D-myo-inositol-4,5-bisphosphate	slm:000496365	C67H118O19P3	-5	1320.563703	InChI=1S/C67H123O19P3/c1-3-5-7-9-11-13-15-17-19-21-23-25-27-28-29-30-31-32-34-35-37-39-41-43-45-47-49-51-53-55-60(68)81-57-59(58-82-89(79,80)86-65-62(70)63(71)66(84-87(73,74)75)67(64(65)72)85-88(76,77)78)83-61(69)56-54-52-50-48-46-44-42-40-38-36-33-26-24-22-20-18-16-14-12-10-8-6-4-2/h11,13,17,19,23,25,28-29,31-32,59,62-67,70-72H,3-10,12,14-16,18,20-22,24,26-27,30,33-58H2,1-2H3,(H,79,80)(H2,73,74,75)(H2,76,77,78)/p-5/b13-11-,19-17-,25-23-,29-28-,32-31-/t59-,62-,63+,64+,65-,66-,67-/m1/s1	InChIKey=OODGCHPSJQXLFQ-UKDNCJGZSA-I	CCCCCCCCCCCCCCCCCCCCCCCCCC(=O)O[C@H](COC(=O)CCCCCCCCCCCC\C=C/C\C=C/C\C=C/C\C=C/C\C=C/CCCCC)COP([O-])(=O)O[C@@H]1[C@H](O)[C@H](O)[C@@H](OP([O-])([O-])=O)[C@H](OP([O-])([O-])=O)[C@H]1O
MNXM282966	1-(6Z,9Z,12Z-octadecatrienoyl)-2-(9Z-hexadecenoyl)-3-(13Z,16Z-docosadienoyl)-sn-glycerol	slm:000189632	C59H102O6	0	907.43758	InChI=1S/C59H102O6/c1-4-7-10-13-16-19-22-25-27-28-29-30-32-35-37-40-43-46-49-52-58(61)64-55-56(65-59(62)53-50-47-44-41-38-33-24-21-18-15-12-9-6-3)54-63-57(60)51-48-45-42-39-36-34-31-26-23-20-17-14-11-8-5-2/h16-17,19-21,24-27,31,36,39,56H,4-15,18,22-23,28-30,32-35,37-38,40-55H2,1-3H3/b19-16-,20-17-,24-21-,27-25-,31-26-,39-36-/t56-/m1/s1	InChIKey=NRPXCYWXFLMVCK-LQTIQCHISA-N	CCCCCC\C=C/CCCCCCCC(=O)O[C@@H](COC(=O)CCCCCCCCCCC\C=C/C\C=C/CCCCC)COC(=O)CCCC\C=C/C\C=C/C\C=C/CCCCC
MNXM282967	1-(6Z,9Z,12Z-octadecatrienoyl)-2-(9Z-hexadecenoyl)-3-(15-methylhexadecanoyl)-sn-glycerol	slm:000149763	C54H96O6	0	841.33644	InChI=1S/C54H96O6/c1-5-7-9-11-13-15-17-19-20-22-25-29-33-37-41-45-52(55)58-48-51(60-54(57)47-43-39-35-31-26-21-18-16-14-12-10-8-6-2)49-59-53(56)46-42-38-34-30-27-23-24-28-32-36-40-44-50(3)4/h13,15-16,18-20,25,29,50-51H,5-12,14,17,21-24,26-28,30-49H2,1-4H3/b15-13-,18-16-,20-19-,29-25-/t51-/m1/s1	InChIKey=XXONPYYKXCAJAY-VUNWPHKVSA-N	CCCCCC\C=C/CCCCCCCC(=O)O[C@@H](COC(=O)CCCCCCCCCCCCCC(C)C)COC(=O)CCCC\C=C/C\C=C/C\C=C/CCCCC
MNXM293360	1-(7Z,10Z,13Z,16Z,19Z-docosapentaenoyl)-2-(8Z,11Z,14Z-eicosatrienoyl)-3-(11E-octadecenoyl)-sn-glycerol	slm:000226855	C63H104O6	0	957.49626	InChI=1S/C63H104O6/c1-4-7-10-13-16-19-22-25-28-30-31-33-35-38-41-44-47-50-53-56-62(65)68-59-60(58-67-61(64)55-52-49-46-43-40-37-34-27-24-21-18-15-12-9-6-3)69-63(66)57-54-51-48-45-42-39-36-32-29-26-23-20-17-14-11-8-5-2/h7,10,16-17,19-21,24-26,28-29,31,33,36,38-39,41,60H,4-6,8-9,11-15,18,22-23,27,30,32,34-35,37,40,42-59H2,1-3H3/b10-7-,19-16-,20-17-,24-21+,28-25-,29-26-,33-31-,39-36-,41-38-/t60-/m0/s1	InChIKey=NYIPWEDEDCENLJ-FYABSBPXSA-N	CCCCCC\C=C\CCCCCCCCCC(=O)OC[C@@H](COC(=O)CCCCC\C=C/C\C=C/C\C=C/C\C=C/C\C=C/CC)OC(=O)CCCCCC\C=C/C\C=C/C\C=C/CCCCC
MNXM293361	1-(7Z,10Z,13Z,16Z,19Z-docosapentaenoyl)-2-(8Z,11Z,14Z-eicosatrienoyl)-3-(11Z,14Z,17Z-eicoastrienoyl)-sn-glycerol	slm:000243466	C65H104O6	0	981.51766	InChI=1S/C65H104O6/c1-4-7-10-13-16-19-22-25-28-31-32-35-37-40-43-46-49-52-55-58-64(67)70-61-62(71-65(68)59-56-53-50-47-44-41-38-34-30-27-24-21-18-15-12-9-6-3)60-69-63(66)57-54-51-48-45-42-39-36-33-29-26-23-20-17-14-11-8-5-2/h7-8,10-11,16-21,25-30,32,35,38,40-41,43,62H,4-6,9,12-15,22-24,31,33-34,36-37,39,42,44-61H2,1-3H3/b10-7-,11-8-,19-16-,20-17-,21-18-,28-25-,29-26-,30-27-,35-32-,41-38-,43-40-/t62-/m0/s1	InChIKey=SMCZXWUFRMZLDU-MOPXOIHLSA-N	CCCCC\C=C/C\C=C/C\C=C/CCCCCCC(=O)O[C@@H](COC(=O)CCCCCCCCC\C=C/C\C=C/C\C=C/CC)COC(=O)CCCCC\C=C/C\C=C/C\C=C/C\C=C/C\C=C/CC
MNXM350774	1-dodecanoyl-2-(5Z,8Z,11Z,14Z-eicosatetraenoyl)-3-(13Z-docosenoyl)-sn-glycerol	slm:000171656	C57H100O6	0	881.4003	InChI=1S/C57H100O6/c1-4-7-10-13-16-19-21-23-25-27-28-30-31-33-35-38-41-44-47-50-56(59)62-53-54(52-61-55(58)49-46-43-40-37-18-15-12-9-6-3)63-57(60)51-48-45-42-39-36-34-32-29-26-24-22-20-17-14-11-8-5-2/h17,20,23-26,32,34,39,42,54H,4-16,18-19,21-22,27-31,33,35-38,40-41,43-53H2,1-3H3/b20-17-,25-23-,26-24-,34-32-,42-39-/t54-/m1/s1	InChIKey=CDJRVNOJNSQBAT-LNLZNEBUSA-N	CCCCCCCCCCCC(=O)OC[C@H](COC(=O)CCCCCCCCCCC\C=C/CCCCCCCC)OC(=O)CCC\C=C/C\C=C/C\C=C/C\C=C/CCCCC
MNXM350775	1-dodecanoyl-2-(5Z,8Z,11Z,14Z-eicosatetraenoyl)-3-(15-methylhexadecanoyl)-sn-glycerol	slm:000139398	C52H92O6	0	813.28328	InChI=1S/C52H92O6/c1-5-7-9-11-13-15-16-17-18-19-20-21-24-29-33-37-41-45-52(55)58-49(46-56-50(53)43-39-35-31-26-14-12-10-8-6-2)47-57-51(54)44-40-36-32-28-25-22-23-27-30-34-38-42-48(3)4/h13,15,17-18,20-21,29,33,48-49H,5-12,14,16,19,22-28,30-32,34-47H2,1-4H3/b15-13-,18-17-,21-20-,33-29-/t49-/m1/s1	InChIKey=IJBJMYCTOJFXPR-KYTLTGTGSA-N	CCCCCCCCCCCC(=O)OC[C@H](COC(=O)CCCCCCCCCCCCCC(C)C)OC(=O)CCC\C=C/C\C=C/C\C=C/C\C=C/CCCCC
MNXM358337	1-heneicosanoyl-2-(9Z,12Z,15Z,18Z,21Z-tetracosapentaenoyl)-3-(13Z-docosenoyl)-sn-glycerol	slm:000285393	C70H124O6	0	1061.72996	InChI=1S/C70H124O6/c1-4-7-10-13-16-19-22-25-28-31-34-35-37-40-43-46-49-52-55-58-61-64-70(73)76-67(65-74-68(71)62-59-56-53-50-47-44-41-38-33-30-27-24-21-18-15-12-9-6-3)66-75-69(72)63-60-57-54-51-48-45-42-39-36-32-29-26-23-20-17-14-11-8-5-2/h7,10,16,19,25-26,28-29,34-35,40,43,67H,4-6,8-9,11-15,17-18,20-24,27,30-33,36-39,41-42,44-66H2,1-3H3/b10-7-,19-16-,28-25-,29-26-,35-34-,43-40-/t67-/m1/s1	InChIKey=BAMDOAOQRZHQBZ-QNWGIZIHSA-N	CCCCCCCCCCCCCCCCCCCCC(=O)OC[C@H](COC(=O)CCCCCCCCCCC\C=C/CCCCCCCC)OC(=O)CCCCCCC\C=C/C\C=C/C\C=C/C\C=C/C\C=C/CC
MNXM364888	1-hexacosanoyl-2-(6Z,9Z,12Z-octadecatrienoyl)-3-(4Z,7Z,10Z,13Z,16Z,19Z-docosahexaenoyl)-sn-glycerol	slm:000277521	C69H116O6	0	1041.65574	InChI=1S/C69H116O6/c1-4-7-10-13-16-19-22-25-28-30-32-33-34-35-37-39-42-44-47-50-53-56-59-62-68(71)74-65-66(75-69(72)63-60-57-54-51-48-45-40-27-24-21-18-15-12-9-6-3)64-73-67(70)61-58-55-52-49-46-43-41-38-36-31-29-26-23-20-17-14-11-8-5-2/h8,11,17-18,20-21,26-27,29,36,38,40,43,46,48,51-52,55,66H,4-7,9-10,12-16,19,22-25,28,30-35,37,39,41-42,44-45,47,49-50,53-54,56-65H2,1-3H3/b11-8-,20-17-,21-18-,29-26-,38-36-,40-27-,46-43-,51-48-,55-52-/t66-/m0/s1	InChIKey=HNYRQQRNCJNKOO-UJXSISMCSA-N	CCCCCCCCCCCCCCCCCCCCCCCCCC(=O)OC[C@H](COC(=O)CC\C=C/C\C=C/C\C=C/C\C=C/C\C=C/C\C=C/CC)OC(=O)CCCC\C=C/C\C=C/C\C=C/CCCCC
MNXM377948	1-O-(11-methyldodecyl)-2-pentadecanoyl-sn-glycero-3-phospho-(1'-sn-glycerol)	slm:000502951	C34H68O9P	-1	651.872081	InChI=1S/C34H69O9P/c1-4-5-6-7-8-9-10-11-12-16-19-22-25-34(37)43-33(30-42-44(38,39)41-28-32(36)27-35)29-40-26-23-20-17-14-13-15-18-21-24-31(2)3/h31-33,35-36H,4-30H2,1-3H3,(H,38,39)/p-1/t32-,33+/m0/s1	InChIKey=OGNHDJHQUZGSEP-JHOUSYSJSA-M	CCCCCCCCCCCCCCC(=O)O[C@H](COCCCCCCCCCCC(C)C)COP([O-])(=O)OC[C@@H](O)CO
MNXM377949	1-O-(11-methyldodecyl)-2-pentadecanoyl-sn-glycerol	slm:000117441	C31H62O4	0	498.82158	InChI=1S/C31H62O4/c1-4-5-6-7-8-9-10-11-12-16-19-22-25-31(33)35-30(27-32)28-34-26-23-20-17-14-13-15-18-21-24-29(2)3/h29-30,32H,4-28H2,1-3H3/t30-/m0/s1	InChIKey=RQSZIGYWDQBADL-PMERELPUSA-N	CCCCCCCCCCCCCCC(=O)O[C@@H](CO)COCCCCCCCCCCC(C)C
MNXM385386	1-O-(13-methyltetradecyl)-2-(11Z-eicosenoyl)-3-(9Z,12Z-octadecadienoyl)-sn-glycerol	slm:000158099	C56H104O5	0	857.42196	InChI=1S/C56H104O5/c1-5-7-9-11-13-15-17-19-21-22-24-26-28-33-37-41-45-49-56(58)61-54(51-59-50-46-42-38-34-30-29-31-35-39-43-47-53(3)4)52-60-55(57)48-44-40-36-32-27-25-23-20-18-16-14-12-10-8-6-2/h14,16,19-21,23,53-54H,5-13,15,17-18,22,24-52H2,1-4H3/b16-14-,21-19-,23-20-/t54-/m1/s1	InChIKey=NGDLHIVTXUVPOP-RVFIIOCOSA-N	CCCCCCCC\C=C/CCCCCCCCCC(=O)O[C@H](COCCCCCCCCCCCCC(C)C)COC(=O)CCCCCCC\C=C/C\C=C/CCCCC
MNXM396194	1-O-(15-methylhexadecyl)-2-(9Z,11E-octadecadienoyl)-3-(4Z,7Z,10Z,13Z,16Z,19Z-docosahexaenoyl)-sn-glycerol	slm:000186933	C60H102O5	0	903.44888	InChI=1S/C60H102O5/c1-5-7-9-11-13-15-17-19-21-22-23-24-26-27-32-36-40-44-48-52-59(61)64-56-58(55-63-54-50-46-42-38-34-30-29-31-35-39-43-47-51-57(3)4)65-60(62)53-49-45-41-37-33-28-25-20-18-16-14-12-10-8-6-2/h7,9,13,15-16,18-21,23-25,27,32,40,44,57-58H,5-6,8,10-12,14,17,22,26,28-31,33-39,41-43,45-56H2,1-4H3/b9-7-,15-13-,18-16+,21-19-,24-23-,25-20-,32-27-,44-40-/t58-/m1/s1	InChIKey=RXZZZJLDEHOBLZ-KKSBOUHVSA-N	CCCCCC\C=C\C=C/CCCCCCCC(=O)O[C@H](COCCCCCCCCCCCCCCC(C)C)COC(=O)CC\C=C/C\C=C/C\C=C/C\C=C/C\C=C/C\C=C/CC
MNXM732449	Acetyl-CoA	envipath:32de3cf4-e3e6-4168-956e-32fa5ddb0ce1/compound/57bd5e24-9d14-4b91-bc60-64c8ea6c2d11	C23H38N7O17P3S	0	809.572083	InChI=1S/C23H38N7O17P3S/c1-12(31)51-7-6-25-14(32)4-5-26-21(35)18(34)23(2,3)9-44-50(41,42)47-49(39,40)43-8-13-17(46-48(36,37)38)16(33)22(45-13)30-11-29-15-19(24)27-10-28-20(15)30/h10-11,13,16-18,22,33-34H,4-9H2,1-3H3,(H,25,32)(H,26,35)(H,39,40)(H,41,42)(H2,24,27,28)(H2,36,37,38)	InChIKey=ZSLZBFCDCINBPY-UHFFFAOYSA-N	CC(=O)SCCNC(=O)CCNC(=O)C(O)C(C)(C)COP(O)(=O)OP(O)(=O)OCC1OC(C(O)C1OP(O)(O)=O)n1cnc2c(N)ncnc12
MNXM732897	Benzoyl-CoA	envipath:32de3cf4-e3e6-4168-956e-32fa5ddb0ce1/compound/bed571b9-aaeb-4029-baf1-b0faf7856ca0	C28H40N7O17P3S	0	871.641463	InChI=1S/C28H40N7O17P3S/c1-28(2,22(38)25(39)31-9-8-18(36)30-10-11-56-27(40)16-6-4-3-5-7-16)13-49-55(46,47)52-54(44,45)48-12-17-21(51-53(41,42)43)20(37)26(50-17)35-15-34-19-23(29)32-14-33-24(19)35/h3-7,14-15,17,20-22,26,37-38H,8-13H2,1-2H3,(H,30,36)(H,31,39)(H,44,45)(H,46,47)(H2,29,32,33)(H2,41,42,43)	InChIKey=VEVJTUNLALKRNO-UHFFFAOYSA-N	CC(C)(COP(O)(=O)OP(O)(=O)OCC1OC(C(O)C1OP(O)(O)=O)n1cnc2c(N)ncnc12)C(O)C(=O)NCCC(=O)NCCSC(=O)c1ccccc1
MNXM2734	terephthalate	chebi:30043	C8H4O4	-2	164.11496	InChI=1S/C8H6O4/c9-7(10)5-1-2-6(4-3-5)8(11)12/h1-4H,(H,9,10)(H,11,12)/p-2	InChIKey=KKEYFWRCBNTPAC-UHFFFAOYSA-L	[O-]C(=O)c1ccc(cc1)C([O-])=O
MNXM217	benzoate	chebi:16150	C7H5O2	-1	121.1134	InChI=1S/C7H6O2/c8-7(9)6-4-2-1-3-5-6/h1-5H,(H,8,9)/p-1	InChIKey=WPYMKLBDIGXBTP-UHFFFAOYSA-M	[O-]C(=O)c1ccccc1
MNXM11231	cyclohexa-2,5-diene-1-carbonyl-CoA	chebi:27610	C28H42N7O17P3S	0	873.657343	InChI=1S/C28H42N7O17P3S/c1-28(2,22(38)25(39)31-9-8-18(36)30-10-11-56-27(40)16-6-4-3-5-7-16)13-49-55(46,47)52-54(44,45)48-12-17-21(51-53(41,42)43)20(37)26(50-17)35-15-34-19-23(29)32-14-33-24(19)35/h4-7,14-17,20-22,26,37-38H,3,8-13H2,1-2H3,(H,30,36)(H,31,39)(H,44,45)(H,46,47)(H2,29,32,33)(H2,41,42,43)/t17-,20-,21-,22+,26-/m1/s1	InChIKey=GHVYLQATKJQWLV-TYHXJLICSA-N	CC(C)(COP(O)(=O)OP(O)(=O)OC[C@H]1O[C@H]([C@H](O)[C@@H]1OP(O)(O)=O)n1cnc2c(N)ncnc12)[C@@H](O)C(=O)NCCC(=O)NCCSC(=O)C1C=CCC=C1
MNXM11230	cyclohexa-1,4-diene-1-carbonyl-CoA	chebi:28443	C28H42N7O17P3S	0	873.657343	InChI=1S/C28H42N7O17P3S/c1-28(2,22(38)25(39)31-9-8-18(36)30-10-11-56-27(40)16-6-4-3-5-7-16)13-49-55(46,47)52-54(44,45)48-12-17-21(51-53(41,42)43)20(37)26(50-17)35-15-34-19-23(29)32-14-33-24(19)35/h3-4,7,14-15,17,20-22,26,37-38H,5-6,8-13H2,1-2H3,(H,30,36)(H,31,39)(H,44,45)(H,46,47)(H2,29,32,33)(H2,41,42,43)/t17-,20-,21-,22+,26-/m1/s1	InChIKey=WBFPJXYSCWCOLU-TYHXJLICSA-N	CC(C)(COP(O)(=O)OP(O)(=O)OC[C@H]1O[C@H]([C@H](O)[C@@H]1OP(O)(O)=O)n1cnc2c(N)ncnc12)[C@@H](O)C(=O)NCCC(=O)NCCSC(=O)C1=CCC=CC1
MNXM738007	2-Hydroxycyclohexane-1-carboxyl-CoA	envipath:32de3cf4-e3e6-4168-956e-32fa5ddb0ce1/compound/e1000d7b-91cb-4ffb-baa8-156cbcd35278	C28H46N7O18P3S	0	893.688503	InChI=1S/C28H46N7O18P3S/c1-28(2,22(39)25(40)31-8-7-18(37)30-9-10-57-27(41)15-5-3-4-6-16(15)36)12-50-56(47,48)53-55(45,46)49-11-17-21(52-54(42,43)44)20(38)26(51-17)35-14-34-19-23(29)32-13-33-24(19)35/h13-17,20-22,26,36,38-39H,3-12H2,1-2H3,(H,30,37)(H,31,40)(H,45,46)(H,47,48)(H2,29,32,33)(H2,42,43,44)	InChIKey=OIFANTIHESWSAR-UHFFFAOYSA-N	CC(C)(COP(O)(=O)OP(O)(=O)OCC1OC(C(O)C1OP(O)(O)=O)n1cnc2c(N)ncnc12)C(O)C(=O)NCCC(=O)NCCSC(=O)C1CCCCC1O
MNXM738029	2-Ketocyclohexane-1-carboxyl-CoA	envipath:32de3cf4-e3e6-4168-956e-32fa5ddb0ce1/compound/154cb7b7-6b13-4bfb-91d5-8a648e0098ba	C28H44N7O18P3S	0	891.672623	InChI=1S/C28H44N7O18P3S/c1-28(2,22(39)25(40)31-8-7-18(37)30-9-10-57-27(41)15-5-3-4-6-16(15)36)12-50-56(47,48)53-55(45,46)49-11-17-21(52-54(42,43)44)20(38)26(51-17)35-14-34-19-23(29)32-13-33-24(19)35/h13-15,17,20-22,26,38-39H,3-12H2,1-2H3,(H,30,37)(H,31,40)(H,45,46)(H,47,48)(H2,29,32,33)(H2,42,43,44)	InChIKey=BGLNPJARTQOCKR-UHFFFAOYSA-N	CC(C)(COP(O)(=O)OP(O)(=O)OCC1OC(C(O)C1OP(O)(O)=O)n1cnc2c(N)ncnc12)C(O)C(=O)NCCC(=O)NCCSC(=O)C1CCCCC1=O
MNXM739334	2,6-Dihydroxycyclohexane-1-carboxyl-CoA	envipath:32de3cf4-e3e6-4168-956e-32fa5ddb0ce1/compound/e1f8f73f-a02b-40d7-9d5f-3e61ee1b5366	C28H46N7O19P3S	0	909.687903	InChI=1S/C28H46N7O19P3S/c1-28(2,22(40)25(41)31-7-6-17(38)30-8-9-58-27(42)18-14(36)4-3-5-15(18)37)11-51-57(48,49)54-56(46,47)50-10-16-21(53-55(43,44)45)20(39)26(52-16)35-13-34-19-23(29)32-12-33-24(19)35/h12-16,18,20-22,26,36-37,39-40H,3-11H2,1-2H3,(H,30,38)(H,31,41)(H,46,47)(H,48,49)(H2,29,32,33)(H2,43,44,45)	InChIKey=IDVOAQDDLQQSLO-UHFFFAOYSA-N	CC(C)(COP(O)(=O)OP(O)(=O)OCC1OC(C(O)C1OP(O)(O)=O)n1cnc2c(N)ncnc12)C(O)C(=O)NCCC(=O)NCCSC(=O)C1C(O)CCCC1O
MNXM739349	6-Oxo-2-hydroxycyclohexane-1-carboxyl-CoA	envipath:32de3cf4-e3e6-4168-956e-32fa5ddb0ce1/compound/7d2975bf-2cb5-4bd1-9082-9a10aa62e8bd	C28H44N7O19P3S	0	907.672023	InChI=1S/C28H44N7O19P3S/c1-28(2,22(40)25(41)31-7-6-17(38)30-8-9-58-27(42)18-14(36)4-3-5-15(18)37)11-51-57(48,49)54-56(46,47)50-10-16-21(53-55(43,44)45)20(39)26(52-16)35-13-34-19-23(29)32-12-33-24(19)35/h12-14,16,18,20-22,26,36,39-40H,3-11H2,1-2H3,(H,30,38)(H,31,41)(H,46,47)(H,48,49)(H2,29,32,33)(H2,43,44,45)	InChIKey=XUJOIUADEGVEIA-UHFFFAOYSA-N	CC(C)(COP(O)(=O)OP(O)(=O)OCC1OC(C(O)C1OP(O)(O)=O)n1cnc2c(N)ncnc12)C(O)C(=O)NCCC(=O)NCCSC(=O)C1C(O)CCCC1=O
MNXM3552	biphenyl-2,2',3-triol	chebi:28517	C12H10O3	0	202.206	InChI=1S/C12H10O3/c13-10-6-2-1-4-8(10)9-5-3-7-11(14)12(9)15/h1-7,13-15H	InChIKey=USBNIYMZDQVDSO-UHFFFAOYSA-N	Oc1cccc(c1O)-c1ccccc1O
MNXM6238	dibenzofuran	chebi:28145	C12H8O	0	168.19132	InChI=1S/C12H8O/c1-3-7-11-9(5-1)10-6-2-4-8-12(10)13-11/h1-8H	InChIKey=TXCDCPKCNAJMEE-UHFFFAOYSA-N	c1ccc2c(c1)oc1ccccc21
MNXM730078	salicylate	chebi:30762	C7H5O3	-1	137.1128	InChI=1S/C7H6O3/c8-6-4-2-1-3-5(6)7(9)10/h1-4,8H,(H,9,10)/p-1	InChIKey=YGSDEFSMJLZEOE-UHFFFAOYSA-M	Oc1ccccc1C([O-])=O
MNXM724629	endosulfan	chebi:4791	C9H6Cl6O3S	0	406.92434	InChI=1S/C9H6Cl6O3S/c10-5-6(11)8(13)4-2-18-19(16)17-1-3(4)7(5,12)9(8,14)15/h3-4H,1-2H2	InChIKey=RDYMFSUJUZBWLH-UHFFFAOYSA-N	ClC1=C(Cl)C2(Cl)C3COS(=O)OCC3C1(Cl)C2(Cl)Cl
MNXM511756	Endosulfan sulfate	envipath:32de3cf4-e3e6-4168-956e-32fa5ddb0ce1/compound/4b17ee43-7700-4ec2-abbd-b03b0312fc75	C9H6Cl6O4S	0	422.92374	InChI=1S/C9H6Cl6O4S/c10-5-6(11)8(13)4-2-19-20(16,17)18-1-3(4)7(5,12)9(8,14)15/h3-4H,1-2H2	InChIKey=AAPVQEMYVNZIOO-UHFFFAOYSA-N	ClC1=C(Cl)C2(Cl)C3COS(=O)(=O)OCC3C1(Cl)C2(Cl)Cl
MNXM511748	Endosulfan diol	envipath:32de3cf4-e3e6-4168-956e-32fa5ddb0ce1/compound/bce092ae-bbfe-4fff-a127-67f66ff5488f	C9H8Cl6O2	0	360.87482	InChI=1S/C9H8Cl6O2/c10-5-6(11)8(13)4(2-17)3(1-16)7(5,12)9(8,14)15/h3-4,16-17H,1-2H2	InChIKey=GTSJHTSVFKEASK-UHFFFAOYSA-N	OCC1C(CO)C2(Cl)C(Cl)=C(Cl)C1(Cl)C2(Cl)Cl
MNXM511755	Endosulfan monoaldehyde	envipath:32de3cf4-e3e6-4168-956e-32fa5ddb0ce1/compound/9f8748ba-3623-4e3d-8fd1-2934bfa78830	C9H6Cl6O	0	342.85954	InChI=1S/C9H6Cl6O/c1-3-4(2-16)8(13)6(11)5(10)7(3,12)9(8,14)15/h2-4H,1H3/t3?,4?,7-,8+/m0/s1	InChIKey=PFIZWXXFGATIMO-LBUOVQDTSA-N	CC1C(C=O)[C@@]2(Cl)C(Cl)=C(Cl)[C@]1(Cl)C2(Cl)Cl
MNXM511750	Endosulfan hemisulfate	envipath:32de3cf4-e3e6-4168-956e-32fa5ddb0ce1/compound/9171cd96-497e-4f74-8e9c-7d8562b95011	C9H6Cl6O4S	0	422.92374	InChI=1S/C9H6Cl6O4S/c1-3-4(2-19-20(16,17)18)8(13)6(11)5(10)7(3,12)9(8,14)15/h4H,1-2H2,(H,16,17,18)/t4?,7-,8+/m1/s1	InChIKey=MOZIPCLIHGEKGV-FQLNDHJQSA-N	OS(=O)(=O)OCC1C(=C)[C@@]2(Cl)C(Cl)=C(Cl)[C@]1(Cl)C2(Cl)Cl
MNXM511754	Endosulfan monoalcohol	envipath:32de3cf4-e3e6-4168-956e-32fa5ddb0ce1/compound/255a3bf8-1b7b-4a3f-9af6-6bd0d1cf4d5f	C9H6Cl6O	0	342.85954	InChI=1S/C9H6Cl6O/c1-3-4(2-16)8(13)6(11)5(10)7(3,12)9(8,14)15/h4,16H,1-2H2/t4?,7-,8+/m1/s1	InChIKey=KYWLDINDZYBWKB-FQLNDHJQSA-N	OCC1C(=C)[C@@]2(Cl)C(Cl)=C(Cl)[C@]1(Cl)C2(Cl)Cl
MNXM511749	Endosulfan ether	envipath:32de3cf4-e3e6-4168-956e-32fa5ddb0ce1/compound/681326a7-3089-47e3-b419-acb4e8312634	C9H6Cl6O	0	342.85954	InChI=1S/C9H6Cl6O/c10-5-6(11)8(13)4-2-16-1-3(4)7(5,12)9(8,14)15/h3-4H,1-2H2	InChIKey=CKPWHXBGVRURFU-UHFFFAOYSA-N	ClC1=C(Cl)C2(Cl)C3COCC3C1(Cl)C2(Cl)Cl
MNXM511753	Endosulfan lactone	envipath:32de3cf4-e3e6-4168-956e-32fa5ddb0ce1/compound/492cc470-de2b-4fd5-96f6-15242fd3d8d8	C9H4Cl6O2	0	356.84306	InChI=1S/C9H4Cl6O2/c10-4-5(11)8(13)3-2(1-17-6(3)16)7(4,12)9(8,14)15/h2-3H,1H2/t2?,3?,7-,8+/m0/s1	InChIKey=GIUKJJMBQBRFTN-MUCAPTIRSA-N	ClC1=C(Cl)[C@]2(Cl)C3C(COC3=O)[C@@]1(Cl)C2(Cl)Cl
MNXM511752	Endosulfan hydroxyether	envipath:32de3cf4-e3e6-4168-956e-32fa5ddb0ce1/compound/f984754f-984a-481e-be40-f29c3704d8f9	C9H6Cl6O2	0	358.85894	InChI=1S/C9H6Cl6O2/c10-4-5(11)8(13)3-2(1-17-6(3)16)7(4,12)9(8,14)15/h2-3,6,16H,1H2/t2?,3?,6-,7+,8-/m1/s1	InChIKey=OHANHNSPGZXJBU-IUEXCZGASA-N	O[C@@H]1OCC2C1[C@@]1(Cl)C(Cl)=C(Cl)[C@]2(Cl)C1(Cl)Cl
MNXM511751	Endosulfan hydroxycarboxylate	envipath:32de3cf4-e3e6-4168-956e-32fa5ddb0ce1/compound/c00f234d-77c8-49b5-9174-683702fa5049	C9H5Cl6O3	-1	373.8504	InChI=1S/C9H6Cl6O3/c10-4-5(11)8(13)3(6(17)18)2(1-16)7(4,12)9(8,14)15/h2-3,16H,1H2,(H,17,18)/p-1/t2?,3?,7-,8+/m0/s1	InChIKey=FRIUQOVIFXLRKA-MUCAPTIRSA-M	OCC1C(C([O-])=O)[C@@]2(Cl)C(Cl)=C(Cl)[C@]1(Cl)C2(Cl)Cl
MNXM502403	compound 39627	envipath:650babc9-9d68-4b73-9332-11972ca26f7b/compound/0bf6a40d-6baa-48da-8d31-6fb1d556afe3	C13H18NO6	-1	284.28516	InChI=1S/C13H19NO6/c1-13(7-16)6-9(13)11(18)14-10(12(19)20)5-8(17)3-2-4-15/h4-5,8-9,16-17H,2-3,6-7H2,1H3,(H,14,18)(H,19,20)/p-1	InChIKey=KBUYJZYOGZQVFB-UHFFFAOYSA-M	CC1(CO)CC1C(=O)NC(=CC(O)CCC=O)C([O-])=O
MNXM731896	catechol	chebi:18135	C6H6O2	0	110.11064	InChI=1S/C6H6O2/c7-5-3-1-2-4-6(5)8/h1-4,7-8H	InChIKey=YCIMNLLNPGFGHC-UHFFFAOYSA-N	Oc1ccccc1O
MNXM728622	(2E)-2-hydroxypenta-2,4-dienoate	chebi:60886	C5H5O3	-1	113.0914	InChI=1S/C5H6O3/c1-2-3-4(6)5(7)8/h2-3,6H,1H2,(H,7,8)/p-1/b4-3+	InChIKey=VHTQQDXPNUTMNB-ONEGZZNKSA-M	O\C(=C\C=C)C([O-])=O
MNXM2827	fluorene	chebi:28266	C13H10	0	166.2185	InChI=1S/C13H10/c1-3-7-12-10(5-1)9-11-6-2-4-8-13(11)12/h1-8H,9H2	InChIKey=NIHNNTQXNPWCJQ-UHFFFAOYSA-N	C1c2ccccc2-c2ccccc12
MNXM1904	9H-fluoren-9-ol	chebi:16904	C13H10O	0	182.2179	InChI=1S/C13H10O/c14-13-11-7-3-1-5-9(11)10-6-2-4-8-12(10)13/h1-8,13-14H	InChIKey=AFMVESZOYKHDBJ-UHFFFAOYSA-N	OC1c2ccccc2-c2ccccc12
MNXM1717	9H-fluoren-9-one	chebi:17922	C13H8O	0	180.20202	InChI=1S/C13H8O/c14-13-11-7-3-1-5-9(11)10-6-2-4-8-12(10)13/h1-8H	InChIKey=YLQWCDOCJODRMT-UHFFFAOYSA-N	O=C1c2ccccc2-c2ccccc12	
MNXM10193	4-Hydroxy-9-fluorenone	keggC:C07723	C13H8O2	0	196.20142	InChI=1S/C13H8O2/c14-11-7-3-6-10-12(11)8-4-1-2-5-9(8)13(10)15/h1-7,14H	InChIKey=OZLKIIAMQWXVKQ-UHFFFAOYSA-N	Oc1cccc2C(=O)c3ccccc3-c12
MNXM5497	3,4-dihydroxyfluorene	chebi:28752	C13H10O2	0	198.2173	InChI=1S/C13H10O2/c14-11-6-5-9-7-8-3-1-2-4-10(8)12(9)13(11)15/h1-6,14-15H,7H2	InChIKey=OOGFPMKHMOAMMY-UHFFFAOYSA-N	Oc1ccc2Cc3ccccc3-c2c1O
MNXM734631	2-Hydroxy-4-(1-oxo-1,3-dihydro-2H-inden-2-ylidene)but-2-enoate	envipath:32de3cf4-e3e6-4168-956e-32fa5ddb0ce1/compound/73500ba4-4574-443e-b371-1e505a9d1a17	C13H9O4	-1	229.20816	InChI=1S/C13H10O4/c14-11(13(16)17)6-5-9-7-8-3-1-2-4-10(8)12(9)15/h1-6,14H,7H2,(H,16,17)/p-1/b9-5-,11-6+	InChIKey=MZXLUQGYWMMWCS-YCQMDOFOSA-M	O\C(=C\C=C1\Cc2ccccc2C1=O)C([O-])=O
MNXM6705	2-formylindan-1-one	chebi:27534	C10H8O2	0	160.16932	InChI=1S/C10H8O2/c11-6-8-5-7-3-1-2-4-9(7)10(8)12/h1-4,6,8H,5H2	InChIKey=NWROWRUAPHQSLF-UHFFFAOYSA-N	O=CC1Cc2ccccc2C1=O
MNXM1480	indan-1-one	chebi:17404	C9H8O	0	132.15922	InChI=1S/C9H8O/c10-9-6-5-7-3-1-2-4-8(7)9/h1-4H,5-6H2	InChIKey=QNXSIUBBGPHDDE-UHFFFAOYSA-N	O=C1CCc2ccccc12
MNXM6800	3-Hydroxy-1-indanone	keggC:C07720	C9H8O2	0	148.15862	InChI=1S/C9H8O2/c10-8-5-9(11)7-4-2-1-3-6(7)8/h1-4,8,10H,5H2	InChIKey=UOBZGMJWBBQSLX-UHFFFAOYSA-N	OC1CC(=O)c2ccccc12
MNXM2778	3,4-dihydrocoumarin	chebi:16151	C9H8O2	0	148.15862	InChI=1S/C9H8O2/c10-9-6-5-7-3-1-2-4-8(7)11-9/h1-4H,5-6H2	InChIKey=VMUXSMXIQBNMGZ-UHFFFAOYSA-N	O=C1CCc2ccccc2O1
MNXM1133	3-(2-hydroxyphenyl)propanoate	chebi:46957	C9H9O3	-1	165.16596	InChI=1S/C9H10O3/c10-8-4-2-1-3-7(8)5-6-9(11)12/h1-4,10H,5-6H2,(H,11,12)/p-1	InChIKey=CJBDUOMQLFKVQC-UHFFFAOYSA-M	Oc1ccccc1CCC([O-])=O
MNXM6579	1,2-dihydroxyfluorene	chebi:28565	C13H10O2	0	198.2173	InChI=1S/C13H10O2/c14-12-6-5-10-9-4-2-1-3-8(9)7-11(10)13(12)15/h1-6,14-15H,7H2	InChIKey=ZQLOWXRDVDYRGA-UHFFFAOYSA-N	Oc1ccc2-c3ccccc3Cc2c1O
MNXM6040	1-formylindan-2-one	chebi:28779	C10H8O2	0	160.16932	InChI=1S/C10H8O2/c11-6-9-8-4-2-1-3-7(8)5-10(9)12/h1-4,6,9H,5H2	InChIKey=TTZVRMUMCHLXAS-UHFFFAOYSA-N	O=CC1C(=O)Cc2ccccc12
MNXM5181	indan-2-one	chebi:27930	C9H8O	0	132.15922	InChI=1S/C9H8O/c10-9-5-7-3-1-2-4-8(7)6-9/h1-4H,5-6H2	InChIKey=UMJJFEIKYGFCAT-UHFFFAOYSA-N	O=C1Cc2ccccc2C1
MNXM3846	3-Isochromanone	keggC:C07728	C9H8O2	0	148.15862	InChI=1S/C9H8O2/c10-9-5-7-3-1-2-4-8(7)6-11-9/h1-4H,5-6H2	InChIKey=ILHLUZUMRJQEAH-UHFFFAOYSA-N	O=C1Cc2ccccc2CO1
MNXM172299	(3S,4R)-3,4-Dihydroxy-3,4-dihydro-9-fluorenone	envipath:32de3cf4-e3e6-4168-956e-32fa5ddb0ce1/compound/a0447570-c11c-45af-bb92-3c1e5aebdd32	C13H10O3	0	214.2167	InChI=1S/C13H10O3/c14-10-6-5-9-11(13(10)16)7-3-1-2-4-8(7)12(9)15/h1-6,10,13-14,16H/t10-,13-/m0/s1	InChIKey=NAUFEDHPWOGKDO-GWCFXTLKSA-N	O[C@H]1C=CC2=C([C@H]1O)c1ccccc1C2=O
MNXM5338	(+)-(3S,4R)-3,4-dihydroxy-3,4-dihydrofluorene	chebi:28234	C13H12O2	0	200.23318	InChI=1S/C13H12O2/c14-11-6-5-9-7-8-3-1-2-4-10(8)12(9)13(11)15/h1-6,11,13-15H,7H2/t11-,13-/m0/s1	InChIKey=BEUONYFZDLXHIB-AAEUAGOBSA-N	O[C@H]1C=CC2=C([C@H]1O)c1ccccc1C2
MNXM730911	1-Hydro-1,1a-dihydroxy-9-fluorenone	envipath:32de3cf4-e3e6-4168-956e-32fa5ddb0ce1/compound/966aa0f5-50bf-4f54-a5c9-af62cc2a85b9	C13H10O3	0	214.2167	InChI=1S/C13H10O3/c14-11-7-3-6-10-8-4-1-2-5-9(8)12(15)13(10,11)16/h1-7,11,14,16H/t11-,13+/m0/s1	InChIKey=CZWUUOGKBHOBEC-WCQYABFASA-N	O[C@H]1C=CC=C2c3ccccc3C(=O)[C@]12O
MNXM733715	ethanol	chebi:16236	C2H6O	0	46.06844	InChI=1S/C2H6O/c1-2-3/h3H,2H2,1H3	InChIKey=LFQSCWFLJHTTHZ-UHFFFAOYSA-N	CCO
MNXM729800	methanol	chebi:17790	CH4O	0	32.04186	InChI=1S/CH4O/c1-2/h2H,1H3	InChIKey=OKKJLVBELUTLKV-UHFFFAOYSA-N	CO
MNXM25	succinate	chebi:30031	C4H4O4	-2	116.07216	InChI=1S/C4H6O4/c5-3(6)1-2-4(7)8/h1-2H2,(H,5,6)(H,7,8)/p-2	InChIKey=KDYFGRWQOYBRFD-UHFFFAOYSA-L	[O-]C(=O)CCC([O-])=O
MNXM724928	diethyl 2-[(dimethoxyphosphorothioyl)thio]succinate	chebi:141474	C10H19O6PS2	0	330.360021	InChI=1S/C10H19O6PS2/c1-5-15-9(11)7-8(10(12)16-6-2)19-17(18,13-3)14-4/h8H,5-7H2,1-4H3	InChIKey=JXSJBGJIGXNWCI-UHFFFAOYSA-N	CCOC(=O)CC(SP(=S)(OC)OC)C(=O)OCC
MNXM157684	Malathion monocarboxylate	envipath:32de3cf4-e3e6-4168-956e-32fa5ddb0ce1/compound/93156e5b-a273-4aeb-be97-74daae2ffaed	C8H14O6PS2	-1	301.298921	InChI=1S/C8H15O6PS2/c1-4-14-8(11)6(5-7(9)10)17-15(16,12-2)13-3/h6H,4-5H2,1-3H3,(H,9,10)/p-1	InChIKey=FARGSBYVTRDSKX-UHFFFAOYSA-M	CCOC(=O)C(CC([O-])=O)SP(=S)(OC)OC
MNXM157683	Malathion dicarboxylate	envipath:32de3cf4-e3e6-4168-956e-32fa5ddb0ce1/compound/d20e211b-2993-45d5-a1b7-dd737699cd81	C6H9O6PS2	-2	272.237821	InChI=1S/C6H11O6PS2/c1-11-13(14,12-2)15-4(6(9)10)3-5(7)8/h4H,3H2,1-2H3,(H,7,8)(H,9,10)/p-2	InChIKey=NIUNKPWHNGMQRE-UHFFFAOYSA-L	COP(=S)(OC)SC(CC([O-])=O)C([O-])=O
MNXM17306	dimethylthiophosphate	metacycM:CPD-8974	C2H6O3PS	-1	141.107001	InChI=1S/C2H7O3PS/c1-4-6(3,7)5-2/h1-2H3,(H,3,7)/p-1	InChIKey=WWJJVKAEQGGYHJ-UHFFFAOYSA-M	COP([O-])(=S)OC
MNXM531913	Methylthiophosphate	envipath:32de3cf4-e3e6-4168-956e-32fa5ddb0ce1/compound/5e7b04ce-9a09-42a7-8122-dd6436c1c72d	CH3O3PS	-2	126.072481	InChI=1S/CH5O3PS/c1-4-5(2,3)6/h1H3,(H2,2,3,6)/p-2	InChIKey=BOKOVLFWCAFYHP-UHFFFAOYSA-L	COP([O-])([O-])=S
MNXM724579	diethyl malate	chebi:87368	C8H14O5	0	190.19376	InChI=1S/C8H14O5/c1-3-12-7(10)5-6(9)8(11)13-4-2/h6,9H,3-5H2,1-2H3	InChIKey=VKNUORWMCINMRB-UHFFFAOYSA-N	CCOC(=O)CC(O)C(=O)OCC
MNXM60985	diethyl 2-[(dimethoxyphosphoryl)thio]succinate	chebi:141477	C10H19O7PS	0	314.293421	InChI=1S/C10H19O7PS/c1-5-16-9(11)7-8(10(12)17-6-2)19-18(13,14-3)15-4/h8H,5-7H2,1-4H3	InChIKey=WSORODGWGUUOBO-UHFFFAOYSA-N	CCOC(=O)CC(SP(=O)(OC)OC)C(=O)OCC
MNXM511472	Dimethyldithiophosphate	envipath:32de3cf4-e3e6-4168-956e-32fa5ddb0ce1/compound/0800aba7-c123-49cd-b882-084ecdbcfe1e	C2H7O2PS2	0	158.181541	InChI=1S/C2H7O2PS2/c1-3-5(6,7)4-2/h1-2H3,(H,6,7)	InChIKey=CZGGKXNYNPJFAX-UHFFFAOYSA-N	COP(S)(=S)OC
MNXM681237	S-(Diethylsuccinyl)-O-methylphosphorothioate	envipath:32de3cf4-e3e6-4168-956e-32fa5ddb0ce1/compound/cb539d12-2a15-4846-83a3-ffba9ec09033	C9H16O7PS	-1	299.258901	InChI=1S/C9H17O7PS/c1-4-15-8(10)6-7(9(11)16-5-2)18-17(12,13)14-3/h7H,4-6H2,1-3H3,(H,12,13)/p-1	InChIKey=UAMIMRHVICUGJL-UHFFFAOYSA-M	CCOC(=O)CC(SP([O-])(=O)OC)C(=O)OCC
MNXM681238	S-(Diethylsuccinyl)-phosphorothioate	envipath:32de3cf4-e3e6-4168-956e-32fa5ddb0ce1/compound/15120c04-9b97-41a0-a69b-f6630a72cb21	C8H13O7PS	-2	284.224381	InChI=1S/C8H15O7PS/c1-3-14-7(9)5-6(8(10)15-4-2)17-16(11,12)13/h6H,3-5H2,1-2H3,(H2,11,12,13)/p-2	InChIKey=PHIFSMDIMKGOJQ-UHFFFAOYSA-L	CCOC(=O)CC(SP([O-])([O-])=O)C(=O)OCC
MNXM510860	Diethyl 2-mercaptosuccinate	envipath:32de3cf4-e3e6-4168-956e-32fa5ddb0ce1/compound/0fbcbb3c-04f3-4b9d-85f3-9fe1d9a2e66a	C8H14O4S	0	206.26036	InChI=1S/C8H14O4S/c1-3-11-7(9)5-6(13)8(10)12-4-2/h6,13H,3-5H2,1-2H3	InChIKey=KLXFSKITMRWDPM-UHFFFAOYSA-N	CCOC(=O)CC(S)C(=O)OCC
MNXM124844	Diethyl succinate	envipath:32de3cf4-e3e6-4168-956e-32fa5ddb0ce1/compound/cbbed2c3-4926-4c20-8a86-1176ef11d495	C8H14O4	0	174.19436	InChI=1S/C8H14O4/c1-3-11-7(9)5-6-8(10)12-4-2/h3-6H2,1-2H3	InChIKey=DKMROQRQHGEIOW-UHFFFAOYSA-N	CCOC(=O)CCC(=O)OCC
MNXM837962	Cardiolipin (20:0/22:5(4Z,7Z,10Z,13Z,16Z)/22:5(5Z,8Z,11Z,14Z,17Z)/18:0)	slm:000527785	C89H152O17P2	-2	1556.096502	InChI=1S/C89H154O17P2/c1-5-9-13-17-21-25-29-33-37-40-41-44-48-52-56-60-64-68-72-76-89(94)106-85(80-100-87(92)74-70-66-62-58-54-50-47-43-39-35-31-27-23-19-15-11-7-3)82-104-108(97,98)102-78-83(90)77-101-107(95,96)103-81-84(105-88(93)75-71-67-63-59-55-51-45-36-32-28-24-20-16-12-8-4)79-99-86(91)73-69-65-61-57-53-49-46-42-38-34-30-26-22-18-14-10-6-2/h10,14,21-22,25-26,33-34,37-38,41,44,46,49,52,56-57,61,64,68,83-85,90H,5-9,11-13,15-20,23-24,27-32,35-36,39-40,42-43,45,47-48,50-51,53-55,58-60,62-63,65-67,69-82H2,1-4H3,(H,95,96)(H,97,98)/p-2/b14-10-,25-21-,26-22-,37-33-,38-34-,44-41-,49-46-,56-52-,61-57-,68-64-/t83?,84-,85-/m1/s1	InChIKey=HXXWEYGLEMCKQR-OOTNLEMTSA-L	CCCCCCCCCCCCCCCCCCCC(=O)OC[C@H](COP([O-])(=O)OCC(O)COP([O-])(=O)OC[C@@H](COC(=O)CCC\C=C/C\C=C/C\C=C/C\C=C/C\C=C/CC)OC(=O)CCCCCCCCCCCCCCCCC)OC(=O)CC\C=C/C\C=C/C\C=C/C\C=C/C\C=C/CCCCC
MNXM906326	1-acetyl-2-(14Z,17Z,20Z,23Z,26Z,29Z-dotriacontahexaenoyl)-sn-glycero-3-phospho-N-(5Z,8Z,11Z,14Z-eicosatetraenoyl)-ethanolamine	slm:000598709	C59H95NO9P	-1	993.360701	InChI=1S/C59H96NO9P/c1-4-6-8-10-12-14-16-18-20-22-23-24-25-26-27-28-29-30-31-32-33-35-37-39-41-43-45-47-49-51-59(63)69-57(54-66-56(3)61)55-68-70(64,65)67-53-52-60-58(62)50-48-46-44-42-40-38-36-34-21-19-17-15-13-11-9-7-5-2/h6,8,12-15,18-21,23-24,26-27,29-30,36,38,42,44,57H,4-5,7,9-11,16-17,22,25,28,31-35,37,39-41,43,45-55H2,1-3H3,(H,60,62)(H,64,65)/p-1/b8-6-,14-12-,15-13-,20-18-,21-19-,24-23-,27-26-,30-29-,38-36-,44-42-/t57-/m1/s1	InChIKey=ZZAUSCTYHIQHBS-GJTVDBQFSA-M	CCCCC\C=C/C\C=C/C\C=C/C\C=C/CCCC(=O)NCCOP([O-])(=O)OC[C@@H](COC(C)=O)OC(=O)CCCCCCCCCCCC\C=C/C\C=C/C\C=C/C\C=C/C\C=C/C\C=C/CC
MNXM209043	1-(11Z-octadecenoyl)-2-hexadecanoyl-3-(6Z,9Z,12Z-octadecatrienoyl)-sn-glycerol	slm:000156798	C55H98O6	0	855.36302	InChI=1S/C55H98O6/c1-4-7-10-13-16-19-22-25-27-30-32-35-38-41-44-47-53(56)59-50-52(61-55(58)49-46-43-40-37-34-29-24-21-18-15-12-9-6-3)51-60-54(57)48-45-42-39-36-33-31-28-26-23-20-17-14-11-8-5-2/h16,19-20,23,25,27,32,35,52H,4-15,17-18,21-22,24,26,28-31,33-34,36-51H2,1-3H3/b19-16-,23-20-,27-25-,35-32-/t52-/m0/s1	InChIKey=IFSUVFBQCDFNRN-QONGADNVSA-N	CCCCCCCCCCCCCCCC(=O)O[C@H](COC(=O)CCCCCCCCC\C=C/CCCCCC)COC(=O)CCCC\C=C/C\C=C/C\C=C/CCCCC
MNXM1027137	1-O-tetradecyl-2-octacosanoyl-sn-glycero-3-phospho-N-tetradecanoyl-ethanolamine	slm:000719526	C61H121NO8P	-1	1027.589141	InChI=1S/C61H122NO8P/c1-4-7-10-13-16-19-22-24-25-26-27-28-29-30-31-32-33-34-35-36-38-41-44-47-50-53-61(64)70-59(57-67-55-51-48-45-42-39-23-20-17-14-11-8-5-2)58-69-71(65,66)68-56-54-62-60(63)52-49-46-43-40-37-21-18-15-12-9-6-3/h59H,4-58H2,1-3H3,(H,62,63)(H,65,66)/p-1/t59-/m1/s1	InChIKey=JLANGVSHOZDCNF-OBEXFZABSA-M	CCCCCCCCCCCCCCCCCCCCCCCCCCCC(=O)O[C@H](COCCCCCCCCCCCCCC)COP([O-])(=O)OCCNC(=O)CCCCCCCCCCCCC
MNXM318335	1-(9Z,12Z,15Z,18Z-tetracosatetraenoyl)-2-tetradecanoyl-sn-glycero-3-phospho-(1'-sn-glycerol)	slm:000040760	C44H78O10P	-1	798.057881	InChI=1S/C44H79O10P/c1-3-5-7-9-11-13-15-16-17-18-19-20-21-22-23-24-26-27-29-31-33-35-43(47)51-39-42(40-53-55(49,50)52-38-41(46)37-45)54-44(48)36-34-32-30-28-25-14-12-10-8-6-4-2/h11,13,16-17,19-20,22-23,41-42,45-46H,3-10,12,14-15,18,21,24-40H2,1-2H3,(H,49,50)/p-1/b13-11-,17-16-,20-19-,23-22-/t41-,42+/m0/s1	InChIKey=XIIUPPFVEILRKB-SLBAYWKXSA-M	CCCCCCCCCCCCCC(=O)O[C@H](COC(=O)CCCCCCC\C=C/C\C=C/C\C=C/C\C=C/CCCCC)COP([O-])(=O)OC[C@@H](O)CO
MNXM362322	1-heptadecanoyl-2-docosanoyl-3-(13-methyltetradecanoyl)-sn-glycerol	slm:000178379	C57H110O6	0	891.4797	InChI=1S/C57H110O6/c1-5-7-9-11-13-15-17-19-21-22-23-24-25-27-29-33-38-42-46-50-57(60)63-54(52-62-56(59)49-45-41-37-34-30-31-35-39-43-47-53(3)4)51-61-55(58)48-44-40-36-32-28-26-20-18-16-14-12-10-8-6-2/h53-54H,5-52H2,1-4H3/t54-/m1/s1	InChIKey=NNKHSOYPSBYJNT-AXAMJWTMSA-N	CCCCCCCCCCCCCCCCCCCCCC(=O)O[C@H](COC(=O)CCCCCCCCCCCCCCCC)COC(=O)CCCCCCCCCCCC(C)C
MNXM541000	Monoalkyldiacylglycerol (O-16:0_16:2_20:0)	slm:000311932	C55H104O5	0				[*]OCC(CO[*])O[*]
MNXM629261	Phosphatidylglycerol (O-17:0/36:6)	slm:000505461	C59H106O9P	-1				OCC(O)COP([O-])(=O)OCC(CO[*])OC([*])=O